LEVEL,DATAYEARS,AGENCYID,COUNTY,DISTRICT,SCHOOL,NAME,AVERAGE_COMPOSITE_SCORE,STUDENTS_WITH_COMPOSITE_SCORES,DataAsOf
ST,20202021,00-0000-000,00,0000,000,STATE OF NEBRASKA,18.8077,21851,12/22/2021
LC,20202021,00-9000-000,00,9000,000,LEARNING COMMUNITY OF DOUGLAS & SARPY COUNTIES,18.8930,8413,12/22/2021
DI,20202021,01-0003-000,01,0003,000,KENESAW PUBLIC SCHOOLS,21.0000,22,12/22/2021
DI,20202021,01-0018-000,01,0018,000,HASTINGS PUBLIC SCHOOLS,18.2716,232,12/22/2021
DI,20202021,01-0090-000,01,0090,000,ADAMS CENTRAL PUBLIC SCHOOLS,20.7848,79,12/22/2021
DI,20202021,01-0123-000,01,0123,000,SILVER LAKE PUBLIC SCHOOLS,20.3077,13,12/22/2021
DI,20202021,02-0009-000,02,0009,000,NELIGH-OAKDALE SCHOOLS,19.0417,24,12/22/2021
DI,20202021,02-0018-000,02,0018,000,ELGIN PUBLIC SCHOOLS,-1.0000,-1,12/22/2021
DI,20202021,02-0115-000,02,0115,000,SUMMERLAND PUBLIC SCHOOLS,17.7667,30,12/22/2021
DI,20202021,03-0500-000,03,0500,000,ARTHUR COUNTY SCHOOLS,20.2727,11,12/22/2021
DI,20202021,04-0001-000,04,0001,000,BANNER COUNTY PUBLIC SCHOOLS,-1.0000,-1,12/22/2021
DI,20202021,05-0071-000,05,0071,000,SANDHILLS PUBLIC SCHOOLS,-1.0000,-1,12/22/2021
DI,20202021,06-0001-000,06,0001,000,BOONE CENTRAL SCHOOLS,20.3684,57,12/22/2021
DI,20202021,06-0017-000,06,0017,000,ST EDWARD PUBLIC SCHOOLS,16.7000,10,12/22/2021
DI,20202021,06-0075-000,06,0075,000,RIVERSIDE PUBLIC SCHOOLS,18.8421,19,12/22/2021
DI,20202021,07-0006-000,07,0006,000,ALLIANCE PUBLIC SCHOOLS,18.1058,104,12/22/2021
DI,20202021,07-0010-000,07,0010,000,HEMINGFORD PUBLIC SCHOOLS,18.8667,15,12/22/2021
DI,20202021,08-0051-000,08,0051,000,BOYD COUNTY SCHOOLS,15.0909,22,12/22/2021
DI,20202021,09-0010-000,09,0010,000,AINSWORTH COMMUNITY SCHOOLS,20.7632,38,12/22/2021
DI,20202021,10-0002-000,10,0002,000,GIBBON PUBLIC SCHOOLS,18.8409,44,12/22/2021
DI,20202021,10-0007-000,10,0007,000,KEARNEY PUBLIC SCHOOLS,19.5714,378,12/22/2021
DI,20202021,10-0009-000,10,0009,000,ELM CREEK PUBLIC SCHOOLS,18.8824,17,12/22/2021
DI,20202021,10-0019-000,10,0019,000,SHELTON PUBLIC SCHOOLS,21.2857,21,12/22/2021
DI,20202021,10-0069-000,10,0069,000,RAVENNA PUBLIC SCHOOLS,19.6429,28,12/22/2021
DI,20202021,10-0105-000,10,0105,000,PLEASANTON PUBLIC SCHOOLS,18.9524,21,12/22/2021
DI,20202021,10-0119-000,10,0119,000,AMHERST PUBLIC SCHOOLS,17.7778,27,12/22/2021
DI,20202021,10-0600-000,00,0000,000,STATE OF NEBRASKA,13.9091,11,12/22/2021
DI,20202021,11-0001-000,11,0001,000,TEKAMAH-HERMAN COMMUNITY SCHS,17.4848,33,12/22/2021
DI,20202021,11-0014-000,11,0014,000,OAKLAND CRAIG PUBLIC SCHOOLS,18.5000,34,12/22/2021
DI,20202021,11-0020-000,11,0020,000,LYONS-DECATUR NORTHEAST SCHS,21.4000,10,12/22/2021
DI,20202021,12-0056-000,12,0056,000,DAVID CITY PUBLIC SCHOOLS,18.4255,47,12/22/2021
DI,20202021,12-0502-000,12,0502,000,EAST BUTLER PUBLIC SCHOOLS,20.7333,15,12/22/2021
DI,20202021,13-0001-000,13,0001,000,PLATTSMOUTH COMMUNITY SCHOOLS,17.6695,118,12/22/2021
DI,20202021,13-0022-000,13,0022,000,WEEPING WATER PUBLIC SCHOOLS,19.2857,21,12/22/2021
DI,20202021,13-0032-000,13,0032,000,LOUISVILLE PUBLIC SCHOOLS,20.2391,46,12/22/2021
DI,20202021,13-0056-000,13,0056,000,CONESTOGA PUBLIC SCHOOLS,20.8421,38,12/22/2021
DI,20202021,13-0097-000,13,0097,000,ELMWOOD-MURDOCK PUBLIC SCHOOLS,22.6296,27,12/22/2021
DI,20202021,14-0008-000,14,0008,000,HARTINGTON NEWCASTLE PUBLIC SCHOOLS,19.0000,23,12/22/2021
DI,20202021,14-0045-000,14,0045,000,RANDOLPH PUBLIC SCHOOLS,20.4615,13,12/22/2021
DI,20202021,14-0054-000,14,0054,000,LAUREL-CONCORD-COLERIDGE SCHOOL,19.8000,25,12/22/2021
DI,20202021,14-0101-000,14,0101,000,WYNOT PUBLIC SCHOOLS,22.6154,13,12/22/2021
DI,20202021,15-0010-000,15,0010,000,CHASE COUNTY SCHOOLS,18.5217,46,12/22/2021
DI,20202021,15-0536-000,15,0536,000,WAUNETA-PALISADE PUBLIC SCHS,16.7778,18,12/22/2021
DI,20202021,16-0006-000,16,0006,000,VALENTINE COMMUNITY SCHOOLS,18.3462,52,12/22/2021
DI,20202021,16-0030-000,16,0030,000,CODY-KILGORE PUBLIC SCHS,-1.0000,-1,12/22/2021
DI,20202021,17-0001-000,17,0001,000,SIDNEY PUBLIC SCHOOLS,18.5556,90,12/22/2021
DI,20202021,17-0003-000,17,0003,000,LEYTON PUBLIC SCHOOLS,20.3571,14,12/22/2021
DI,20202021,17-0009-000,17,0009,000,POTTER-DIX PUBLIC SCHOOLS,17.7692,13,12/22/2021
DI,20202021,18-0002-000,18,0002,000,SUTTON PUBLIC SCHOOLS,21.0000,39,12/22/2021
DI,20202021,18-0011-000,18,0011,000,HARVARD PUBLIC SCHOOLS,18.1538,13,12/22/2021
DI,20202021,19-0039-000,19,0039,000,LEIGH COMMUNITY SCHOOLS,21.9333,15,12/22/2021
DI,20202021,19-0058-000,19,0058,000,CLARKSON PUBLIC SCHOOLS,18.9524,21,12/22/2021
DI,20202021,19-0070-000,19,0070,000,HOWELLS-DODGE CONSOLIDATED SCHOOLS,21.5769,26,12/22/2021
DI,20202021,19-0123-000,19,0123,000,SCHUYLER COMMUNITY SCHOOLS,15.4853,136,12/22/2021
DI,20202021,20-0001-000,20,0001,000,WEST POINT PUBLIC SCHOOLS,17.8630,73,12/22/2021
DI,20202021,20-0020-000,20,0020,000,BANCROFT-ROSALIE COMM SCHOOLS,18.7059,17,12/22/2021
DI,20202021,20-0030-000,20,0030,000,WISNER-PILGER PUBLIC SCHOOLS,18.6800,25,12/22/2021
DI,20202021,21-0015-000,21,0015,000,ANSELMO-MERNA PUBLIC SCHOOLS,19.8077,26,12/22/2021
DI,20202021,21-0025-000,21,0025,000,BROKEN BOW PUBLIC SCHOOLS,18.8814,59,12/22/2021
DI,20202021,21-0044-000,21,0044,000,ANSLEY PUBLIC SCHOOLS,20.6923,13,12/22/2021
DI,20202021,21-0084-000,21,0084,000,SARGENT PUBLIC SCHOOLS,-1.0000,-1,12/22/2021
DI,20202021,21-0089-000,21,0089,000,ARNOLD PUBLIC SCHOOLS,-1.0000,-1,12/22/2021
DI,20202021,21-0180-000,21,0180,000,CALLAWAY PUBLIC SCHOOLS,17.9444,18,12/22/2021
DI,20202021,22-0011-000,22,0011,000,SO SIOUX CITY COMMUNITY SCHS,16.9011,283,12/22/2021
DI,20202021,22-0031-000,22,0031,000,HOMER COMMUNITY SCHOOLS,16.6000,25,12/22/2021
DI,20202021,23-0002-000,23,0002,000,CHADRON PUBLIC SCHOOLS,19.9383,81,12/22/2021
DI,20202021,23-0071-000,23,0071,000,CRAWFORD PUBLIC SCHOOLS,17.9333,15,12/22/2021
DI,20202021,23-0601-000,00,0000,000,STATE OF NEBRASKA,-1.0000,-1,12/22/2021
DI,20202021,24-0001-000,24,0001,000,LEXINGTON PUBLIC SCHOOLS,16.4848,231,12/22/2021
DI,20202021,24-0004-000,24,0004,000,OVERTON PUBLIC SCHOOLS,19.3182,22,12/22/2021
DI,20202021,24-0011-000,24,0011,000,COZAD COMMUNITY SCHOOLS,17.5410,61,12/22/2021
DI,20202021,24-0020-000,24,0020,000,GOTHENBURG PUBLIC SCHOOLS,19.3065,62,12/22/2021
DI,20202021,24-0101-000,24,0101,000,SUMNER-EDDYVILLE-MILLER SCHS,18.3125,16,12/22/2021
DI,20202021,25-0025-000,25,0025,000,CREEK VALLEY SCHOOLS,19.7647,17,12/22/2021
DI,20202021,25-0095-000,25,0095,000,SOUTH PLATTE PUBLIC SCHOOLS,19.5833,12,12/22/2021
DI,20202021,26-0001-000,26,0001,000,PONCA PUBLIC SCHOOLS,20.7632,38,12/22/2021
DI,20202021,26-0070-000,26,0070,000,ALLEN CONSOLIDATED SCHOOLS,18.0667,15,12/22/2021
DI,20202021,26-0561-000,26,0561,000,EMERSON-HUBBARD PUBLIC SCHOOLS,17.0833,12,12/22/2021
DI,20202021,27-0001-000,27,0001,000,FREMONT PUBLIC SCHOOLS,18.1643,347,12/22/2021
DI,20202021,27-0062-000,27,0062,000,SCRIBNER-SNYDER COMMUNITY SCHS,17.8667,15,12/22/2021
DI,20202021,27-0594-000,27,0594,000,LOGAN VIEW PUBLIC SCHOOLS,18.4524,42,12/22/2021
DI,20202021,27-0595-000,27,0595,000,NORTH BEND CENTRAL PUBLIC SCHS,19.8444,45,12/22/2021
DI,20202021,28-0001-000,28,0001,000,OMAHA PUBLIC SCHOOLS,15.6902,2908,12/22/2021
DI,20202021,28-0010-000,28,0010,000,ELKHORN PUBLIC SCHOOLS,23.0537,707,12/22/2021
DI,20202021,28-0015-000,28,0015,000,DOUGLAS CO WEST COMMUNITY SCHS,18.4026,77,12/22/2021
DI,20202021,28-0017-000,28,0017,000,MILLARD PUBLIC SCHOOLS,21.0476,1787,12/22/2021
DI,20202021,28-0054-000,28,0054,000,RALSTON PUBLIC SCHOOLS,17.0437,206,12/22/2021
DI,20202021,28-0059-000,28,0059,000,BENNINGTON PUBLIC SCHOOLS,21.3099,213,12/22/2021
DI,20202021,28-0066-000,28,0066,000,WESTSIDE COMMUNITY SCHOOLS,19.7773,440,12/22/2021
DI,20202021,29-0117-000,29,0117,000,DUNDY CO STRATTON PUBLIC SCHS,17.9565,23,12/22/2021
DI,20202021,30-0001-000,30,0001,000,EXETER-MILLIGAN PUBLIC SCHOOLS,18.2500,12,12/22/2021
DI,20202021,30-0025-000,30,0025,000,FILLMORE CENTRAL PUBLIC SCHS,19.5946,37,12/22/2021
DI,20202021,30-0054-000,30,0054,000,SHICKLEY PUBLIC SCHOOLS,21.8000,10,12/22/2021
DI,20202021,30-0600-000,00,0000,000,STATE OF NEBRASKA,-1.0000,-1,12/22/2021
DI,20202021,31-0506-000,31,0506,000,FRANKLIN PUBLIC SCHOOLS,18.3571,14,12/22/2021
DI,20202021,32-0046-000,32,0046,000,MAYWOOD PUBLIC SCHOOLS,16.6923,13,12/22/2021
DI,20202021,32-0095-000,32,0095,000,EUSTIS-FARNAM PUBLIC SCHOOLS,-1.0000,-1,12/22/2021
DI,20202021,32-0125-000,32,0125,000,MEDICINE VALLEY PUBLIC SCHOOLS,17.7273,11,12/22/2021
DI,20202021,33-0018-000,33,0018,000,ARAPAHOE PUBLIC SCHOOLS,18.3333,27,12/22/2021
DI,20202021,33-0021-000,33,0021,000,CAMBRIDGE PUBLIC SCHOOLS,21.1481,27,12/22/2021
DI,20202021,33-0540-000,33,0540,000,SOUTHERN VALLEY SCHOOLS,19.5625,32,12/22/2021
DI,20202021,34-0001-000,34,0001,000,SOUTHERN SCHOOL DISTRICT 1,18.3200,25,12/22/2021
DI,20202021,34-0015-000,34,0015,000,BEATRICE PUBLIC SCHOOLS,18.9394,132,12/22/2021
DI,20202021,34-0034-000,34,0034,000,FREEMAN PUBLIC SCHOOLS,22.4783,23,12/22/2021
DI,20202021,34-0100-000,34,0100,000,DILLER-ODELL PUBLIC SCHOOLS,18.5556,18,12/22/2021
DI,20202021,35-0001-000,35,0001,000,GARDEN COUNTY SCHOOLS,20.0625,16,12/22/2021
DI,20202021,36-0100-000,36,0100,000,BURWELL PUBLIC SCHOOLS,19.3182,22,12/22/2021
DI,20202021,37-0030-000,37,0030,000,ELWOOD PUBLIC SCHOOLS,20.1538,13,12/22/2021
DI,20202021,38-0011-000,38,0011,000,HYANNIS AREA SCHOOLS,21.1875,16,12/22/2021
DI,20202021,39-0060-000,39,0060,000,CENTRAL VALLEY PUBLIC SCHOOLS,17.3810,21,12/22/2021
DI,20202021,40-0002-000,40,0002,000,GRAND ISLAND PUBLIC SCHOOLS,16.0524,515,12/22/2021
DI,20202021,40-0082-000,40,0082,000,NORTHWEST PUBLIC SCHOOLS,19.2216,167,12/22/2021
DI,20202021,40-0083-000,40,0083,000,WOOD RIVER RURAL SCHOOLS,20.4054,37,12/22/2021
DI,20202021,40-0126-000,40,0126,000,DONIPHAN-TRUMBULL PUBLIC SCHS,18.5676,37,12/22/2021
DI,20202021,41-0002-000,41,0002,000,GILTNER PUBLIC SCHOOLS,17.8571,14,12/22/2021
DI,20202021,41-0091-000,41,0091,000,HAMPTON PUBLIC SCHOOL,21.1333,15,12/22/2021
DI,20202021,41-0504-000,41,0504,000,AURORA PUBLIC SCHOOLS,19.6364,88,12/22/2021
DI,20202021,42-0002-000,42,0002,000,ALMA PUBLIC SCHOOLS,19.3913,23,12/22/2021
DI,20202021,43-0079-000,43,0079,000,HAYES CENTER PUBLIC SCHOOLS,-1.0000,-1,12/22/2021
DI,20202021,44-0070-000,44,0070,000,HITCHCOCK CO SCH SYSTEM,19.0800,25,12/22/2021
DI,20202021,45-0007-000,45,0007,000,O'NEILL PUBLIC SCHOOLS,18.4706,51,12/22/2021
DI,20202021,45-0044-000,45,0044,000,STUART PUBLIC SCHOOLS,22.0833,12,12/22/2021
DI,20202021,45-0137-000,45,0137,000,CHAMBERS PUBLIC SCHOOLS,18.3000,10,12/22/2021
DI,20202021,45-0239-000,45,0239,000,WEST HOLT PUBLIC SCHOOLS,19.5500,20,12/22/2021
DI,20202021,46-0001-000,46,0001,000,MULLEN PUBLIC SCHOOLS,20.2222,18,12/22/2021
DI,20202021,47-0001-000,47,0001,000,ST PAUL PUBLIC SCHOOLS,19.6304,46,12/22/2021
DI,20202021,47-0100-000,47,0100,000,CENTURA PUBLIC SCHOOLS,20.2250,40,12/22/2021
DI,20202021,47-0103-000,47,0103,000,ELBA PUBLIC SCHOOLS,-1.0000,-1,12/22/2021
DI,20202021,48-0008-000,48,0008,000,FAIRBURY PUBLIC SCHOOLS,18.3529,51,12/22/2021
DI,20202021,48-0300-000,48,0300,000,TRI COUNTY PUBLIC SCHOOLS,19.3636,33,12/22/2021
DI,20202021,48-0303-000,48,0303,000,MERIDIAN PUBLIC SCHOOLS,20.5333,15,12/22/2021
DI,20202021,49-0033-000,49,0033,000,STERLING PUBLIC SCHOOLS,17.0625,16,12/22/2021
DI,20202021,49-0050-000,49,0050,000,JOHNSON CO CENTRAL PUBLIC SCHS,18.1515,33,12/22/2021
DI,20202021,50-0001-000,50,0001,000,WILCOX-HILDRETH PUBLIC SCHOOLS,-1.0000,-1,12/22/2021
DI,20202021,50-0501-000,50,0501,000,AXTELL COMMUNITY SCHOOLS,19.5263,19,12/22/2021
DI,20202021,50-0503-000,50,0503,000,MINDEN PUBLIC SCHOOLS,18.9403,67,12/22/2021
DI,20202021,51-0001-000,51,0001,000,OGALLALA PUBLIC SCHOOLS,18.5882,68,12/22/2021
DI,20202021,51-0006-000,51,0006,000,PAXTON CONSOLIDATED SCHOOLS,18.3000,20,12/22/2021
DI,20202021,52-0100-000,52,0100,000,KEYA PAHA COUNTY SCHOOLS,20.2500,12,12/22/2021
DI,20202021,53-0001-000,53,0001,000,KIMBALL PUBLIC SCHOOLS,15.1600,25,12/22/2021
DI,20202021,54-0013-000,54,0013,000,CREIGHTON COMMUNITY PUBLIC SCHOOLS,19.5357,28,12/22/2021
DI,20202021,54-0096-000,54,0096,000,CROFTON COMMUNITY SCHOOLS,20.5429,35,12/22/2021
DI,20202021,54-0501-000,54,0501,000,NIOBRARA PUBLIC SCHOOLS,-1.0000,-1,12/22/2021
DI,20202021,54-0505-000,54,0505,000,SANTEE COMMUNITY SCHOOLS,15.0000,14,12/22/2021
DI,20202021,54-0576-000,54,0576,000,WAUSA PUBLIC SCHOOLS,21.3500,20,12/22/2021
DI,20202021,54-0583-000,54,0583,000,VERDIGRE PUBLIC SCHOOLS,-1.0000,-1,12/22/2021
DI,20202021,54-0586-000,54,0586,000,BLOOMFIELD COMMUNITY SCHOOLS,21.4118,17,12/22/2021
DI,20202021,55-0001-000,55,0001,000,LINCOLN PUBLIC SCHOOLS,19.1531,2730,12/22/2021
DI,20202021,55-0145-000,55,0145,000,WAVERLY SCHOOL DISTRICT 145,19.7938,160,12/22/2021
DI,20202021,55-0148-000,55,0148,000,MALCOLM PUBLIC SCHOOLS,20.6000,45,12/22/2021
DI,20202021,55-0160-000,55,0160,000,NORRIS SCHOOL DIST 160,20.4438,169,12/22/2021
DI,20202021,55-0161-000,55,0161,000,RAYMOND CENTRAL PUBLIC SCHOOLS,18.2963,54,12/22/2021
DI,20202021,55-0605-000,00,0000,000,STATE OF NEBRASKA,21.3333,21,12/22/2021
DI,20202021,56-0001-000,56,0001,000,NORTH PLATTE PUBLIC SCHOOLS,17.1927,275,12/22/2021
DI,20202021,56-0006-000,56,0006,000,BRADY PUBLIC SCHOOLS,17.3333,12,12/22/2021
DI,20202021,56-0007-000,56,0007,000,MAXWELL PUBLIC SCHOOLS,17.8261,23,12/22/2021
DI,20202021,56-0037-000,56,0037,000,HERSHEY PUBLIC SCHOOLS,18.7273,33,12/22/2021
DI,20202021,56-0055-000,56,0055,000,SUTHERLAND PUBLIC SCHOOLS,19.4359,39,12/22/2021
DI,20202021,56-0565-000,56,0565,000,WALLACE PUBLIC SCH DIST 65 R,17.8750,16,12/22/2021
DI,20202021,57-0501-000,57,0501,000,STAPLETON PUBLIC SCHOOLS,20.0000,12,12/22/2021
DI,20202021,58-0025-000,58,0025,000,LOUP COUNTY PUBLIC SCHOOLS,-1.0000,-1,12/22/2021
DI,20202021,59-0001-000,59,0001,000,MADISON PUBLIC SCHOOLS,16.8571,35,12/22/2021
DI,20202021,59-0002-000,59,0002,000,NORFOLK PUBLIC SCHOOLS,18.0833,288,12/22/2021
DI,20202021,59-0005-000,59,0005,000,BATTLE CREEK PUBLIC SCHOOLS,20.3617,47,12/22/2021
DI,20202021,59-0013-000,59,0013,000,NEWMAN GROVE PUBLIC SCHOOLS,-1.0000,-1,12/22/2021
DI,20202021,59-0080-000,59,0080,000,ELKHORN VALLEY SCHOOLS,18.8919,37,12/22/2021
DI,20202021,60-0090-000,60,0090,000,MC PHERSON COUNTY SCHOOLS,-1.0000,-1,12/22/2021
DI,20202021,61-0004-000,61,0004,000,CENTRAL CITY PUBLIC SCHOOLS,18.8776,49,12/22/2021
DI,20202021,61-0049-000,61,0049,000,PALMER PUBLIC SCHOOLS,16.1111,18,12/22/2021
DI,20202021,62-0021-000,62,0021,000,BAYARD PUBLIC SCHOOLS,17.2000,25,12/22/2021
DI,20202021,62-0063-000,62,0063,000,BRIDGEPORT PUBLIC SCHOOLS,20.4815,27,12/22/2021
DI,20202021,63-0001-000,63,0001,000,FULLERTON PUBLIC SCHOOLS,18.5789,19,12/22/2021
DI,20202021,63-0030-000,63,0030,000,TWIN RIVER PUBLIC SCHOOLS,18.6774,31,12/22/2021
DI,20202021,64-0023-000,64,0023,000,JOHNSON-BROCK PUBLIC SCHOOLS,21.5000,20,12/22/2021
DI,20202021,64-0029-000,64,0029,000,AUBURN PUBLIC SCHOOLS,18.8727,55,12/22/2021
DI,20202021,65-0011-000,65,0011,000,SUPERIOR PUBLIC SCHOOLS,17.7586,29,12/22/2021
DI,20202021,65-2005-000,65,2005,000,SOUTH CENTRAL NEBRASKA UNIFIED 5,18.7209,43,12/22/2021
DI,20202021,66-0027-000,66,0027,000,SYRACUSE-DUNBAR-AVOCA SCHOOLS,20.2619,42,12/22/2021
DI,20202021,66-0111-000,66,0111,000,NEBRASKA CITY PUBLIC SCHOOLS,16.7813,96,12/22/2021
DI,20202021,66-0501-000,66,0501,000,PALMYRA DISTRICT O R 1,18.5000,28,12/22/2021
DI,20202021,67-0001-000,67,0001,000,PAWNEE CITY PUBLIC SCHOOLS,17.7083,24,12/22/2021
DI,20202021,67-0069-000,67,0069,000,LEWISTON CONSOLIDATED SCHOOLS,13.5000,12,12/22/2021
DI,20202021,68-0020-000,68,0020,000,PERKINS COUNTY SCHOOLS,19.0286,35,12/22/2021
DI,20202021,69-0044-000,69,0044,000,HOLDREGE PUBLIC SCHOOLS,19.8841,69,12/22/2021
DI,20202021,69-0054-000,69,0054,000,BERTRAND PUBLIC SCHOOLS,18.6667,21,12/22/2021
DI,20202021,69-0055-000,69,0055,000,LOOMIS PUBLIC SCHOOLS,20.3333,15,12/22/2021
DI,20202021,70-0002-000,70,0002,000,PIERCE PUBLIC SCHOOLS,21.3214,56,12/22/2021
DI,20202021,70-0005-000,70,0005,000,PLAINVIEW PUBLIC SCHOOLS,19.9545,22,12/22/2021
DI,20202021,70-0542-000,70,0542,000,OSMOND COMMUNITY SCHOOLS,21.5556,18,12/22/2021
DI,20202021,71-0001-000,71,0001,000,COLUMBUS PUBLIC SCHOOLS,17.8436,307,12/22/2021
DI,20202021,71-0005-000,71,0005,000,LAKEVIEW COMMUNITY SCHOOLS,19.4557,79,12/22/2021
DI,20202021,71-0067-000,71,0067,000,HUMPHREY PUBLIC SCHOOLS,20.5238,21,12/22/2021
DI,20202021,72-0015-000,72,0015,000,CROSS COUNTY COMMUNITY SCHOOLS,20.1667,30,12/22/2021
DI,20202021,72-0019-000,72,0019,000,OSCEOLA PUBLIC SCHOOLS,20.9286,14,12/22/2021
DI,20202021,72-0032-000,72,0032,000,SHELBY - RISING CITY PUBLIC SCHOOLS,20.6957,23,12/22/2021
DI,20202021,72-0075-000,72,0075,000,HIGH PLAINS COMMUNITY SCHOOLS,18.4444,18,12/22/2021
DI,20202021,73-0017-000,73,0017,000,MC COOK PUBLIC SCHOOLS,20.9052,116,12/22/2021
DI,20202021,73-0179-000,73,0179,000,SOUTHWEST PUBLIC SCHOOLS,20.0909,11,12/22/2021
DI,20202021,74-0056-000,74,0056,000,FALLS CITY PUBLIC SCHOOLS,19.0816,49,12/22/2021
DI,20202021,74-0070-000,74,0070,000,HUMBOLDT TABLE ROCK STEINAUER,18.6923,26,12/22/2021
DI,20202021,75-0100-000,75,0100,000,ROCK COUNTY PUBLIC SCHOOLS,18.1667,24,12/22/2021
DI,20202021,76-0002-000,76,0002,000,CRETE PUBLIC SCHOOLS,16.5857,140,12/22/2021
DI,20202021,76-0044-000,76,0044,000,DORCHESTER PUBLIC SCHOOL,18.5000,10,12/22/2021
DI,20202021,76-0068-000,76,0068,000,FRIEND PUBLIC SCHOOLS,-1.0000,-1,12/22/2021
DI,20202021,76-0082-000,76,0082,000,WILBER-CLATONIA PUBLIC SCHOOLS,18.9737,38,12/22/2021
DI,20202021,77-0001-000,77,0001,000,BELLEVUE PUBLIC SCHOOLS,19.2561,695,12/22/2021
DI,20202021,77-0027-000,77,0027,000,PAPILLION LA VISTA COMMUNITY SCHOOLS,19.9922,900,12/22/2021
DI,20202021,77-0037-000,77,0037,000,GRETNA PUBLIC SCHOOLS,20.8351,382,12/22/2021
DI,20202021,77-0046-000,77,0046,000,SPRINGFIELD PLATTEVIEW COMMUNITY SCHOOLS,19.4388,98,12/22/2021
DI,20202021,78-0001-000,78,0001,000,ASHLAND-GREENWOOD PUBLIC SCHS,20.7162,74,12/22/2021
DI,20202021,78-0009-000,78,0009,000,YUTAN PUBLIC SCHOOLS,21.6923,39,12/22/2021
DI,20202021,78-0039-000,78,0039,000,WAHOO PUBLIC SCHOOLS,20.3111,90,12/22/2021
DI,20202021,78-0072-000,78,0072,000,MEAD PUBLIC SCHOOLS,21.5000,24,12/22/2021
DI,20202021,78-0107-000,78,0107,000,CEDAR BLUFFS PUBLIC SCHOOLS,17.6667,24,12/22/2021
DI,20202021,79-0002-000,79,0002,000,MINATARE PUBLIC SCHOOLS,17.0000,16,12/22/2021
DI,20202021,79-0011-000,79,0011,000,MORRILL PUBLIC SCHOOLS,16.9500,20,12/22/2021
DI,20202021,79-0016-000,79,0016,000,GERING PUBLIC SCHOOLS,17.3197,122,12/22/2021
DI,20202021,79-0031-000,79,0031,000,MITCHELL PUBLIC SCHOOLS,18.6383,47,12/22/2021
DI,20202021,79-0032-000,79,0032,000,SCOTTSBLUFF PUBLIC SCHOOLS,17.8874,231,12/22/2021
DI,20202021,80-0005-000,80,0005,000,MILFORD PUBLIC SCHOOLS,20.5507,69,12/22/2021
DI,20202021,80-0009-000,80,0009,000,SEWARD PUBLIC SCHOOLS,20.6500,140,12/22/2021
DI,20202021,80-0567-000,80,0567,000,CENTENNIAL PUBLIC SCHOOLS,20.4444,27,12/22/2021
DI,20202021,81-0003-000,81,0003,000,HAY SPRINGS PUBLIC SCHOOLS,18.2727,11,12/22/2021
DI,20202021,81-0010-000,81,0010,000,GORDON-RUSHVILLE PUBLIC SCHS,18.4706,34,12/22/2021
DI,20202021,82-0001-000,82,0001,000,LOUP CITY PUBLIC SCHOOLS,18.4643,28,12/22/2021
DI,20202021,82-0015-000,82,0015,000,LITCHFIELD PUBLIC SCHOOLS,-1.0000,-1,12/22/2021
DI,20202021,83-0500-000,83,0500,000,SIOUX COUNTY PUBLIC SCHOOLS,16.8333,12,12/22/2021
DI,20202021,84-0003-000,84,0003,000,STANTON COMMUNITY SCHOOLS,17.6774,31,12/22/2021
DI,20202021,85-0060-000,85,0060,000,DESHLER PUBLIC SCHOOLS,20.8947,19,12/22/2021
DI,20202021,85-0070-000,85,0070,000,THAYER CENTRAL COMMUNITY SCHS,19.1250,24,12/22/2021
DI,20202021,85-2001-000,85,2001,000,BRUNING-DAVENPORT UNIFIED SYS,-1.0000,-1,12/22/2021
DI,20202021,86-0001-000,86,0001,000,THEDFORD PUBLIC SCHOOLS,-1.0000,-1,12/22/2021
DI,20202021,87-0001-000,87,0001,000,PENDER PUBLIC SCHOOLS,20.1053,19,12/22/2021
DI,20202021,87-0013-000,87,0013,000,WALTHILL PUBLIC SCHOOLS,-1.0000,-1,12/22/2021
DI,20202021,87-0016-000,87,0016,000,UMO N HO N NATION PUBLIC SCHS,13.1429,28,12/22/2021
DI,20202021,87-0017-000,87,0017,000,WINNEBAGO PUBLIC SCHOOLS DISTRICT 17,14.0488,41,12/22/2021
DI,20202021,88-0005-000,88,0005,000,ORD PUBLIC SCHOOLS,18.6842,38,12/22/2021
DI,20202021,88-0021-000,88,0021,000,ARCADIA PUBLIC SCHOOLS,19.2000,10,12/22/2021
DI,20202021,89-0001-000,89,0001,000,BLAIR COMMUNITY SCHOOLS,19.3143,175,12/22/2021
DI,20202021,89-0003-000,89,0003,000,FORT CALHOUN COMMUNITY SCHS,19.3585,53,12/22/2021
DI,20202021,89-0024-000,89,0024,000,ARLINGTON PUBLIC SCHOOLS,21.7000,60,12/22/2021
DI,20202021,90-0017-000,90,0017,000,WAYNE COMMUNITY SCHOOLS,20.0845,71,12/22/2021
DI,20202021,90-0560-000,90,0560,000,WAKEFIELD PUBLIC SCHOOLS,17.1333,30,12/22/2021
DI,20202021,90-0595-000,90,0595,000,WINSIDE PUBLIC SCHOOLS,19.2500,16,12/22/2021
DI,20202021,91-0002-000,91,0002,000,RED CLOUD COMMUNITY SCHOOLS,17.9375,16,12/22/2021
DI,20202021,91-0074-000,91,0074,000,BLUE HILL COMMUNITY SCHOOLS,20.6190,21,12/22/2021
DI,20202021,92-0045-000,92,0045,000,WHEELER CENTRAL SCHOOLS,-1.0000,-1,12/22/2021
DI,20202021,93-0012-000,93,0012,000,YORK PUBLIC SCHOOLS,19.2264,106,12/22/2021
DI,20202021,93-0083-000,93,0083,000,MC COOL JUNCTION PUBLIC SCHS,19.0000,24,12/22/2021
DI,20202021,93-0096-000,93,0096,000,HEARTLAND COMMUNITY SCHOOLS,20.2083,24,12/22/2021
SC,20202021,01-0003-001,01,0003,001,KENESAW SECONDARY SCHOOL,21.0000,22,12/22/2021
SC,20202021,01-0018-001,01,0018,001,HASTINGS SENIOR HIGH SCHOOL,18.2716,232,12/22/2021
SC,20202021,01-0090-001,01,0090,001,ADAMS CENTRAL JR-SR HIGH SCH,20.7848,79,12/22/2021
SC,20202021,01-0123-001,01,0123,001,SILVER LAKE HIGH SCHOOL,20.3077,13,12/22/2021
SC,20202021,02-0009-001,02,0009,001,NELIGH-OAKDALE HIGH SCHOOL,19.0417,24,12/22/2021
SC,20202021,02-0018-001,02,0018,001,ELGIN HIGH SCHOOL,-1.0000,-1,12/22/2021
SC,20202021,02-0115-001,02,0115,001,SUMMERLAND HIGH SCHOOL AT CLEARWATER,17.7500,12,12/22/2021
SC,20202021,02-0115-003,02,0115,003,SUMMERLAND HIGH SCHOOL AT ORCHARD,-1.0000,-1,12/22/2021
SC,20202021,02-0115-005,02,0115,005,SUMMERLAND HIGH SCH AT EWING,17.8000,10,12/22/2021
SC,20202021,03-0500-001,03,0500,001,ARTHUR COUNTY HIGH SCHOOL,20.2727,11,12/22/2021
SC,20202021,04-0001-001,04,0001,001,BANNER COUNTY HIGH SCHOOL,-1.0000,-1,12/22/2021
SC,20202021,05-0071-001,05,0071,001,HIGH SCHOOL AT DUNNING,-1.0000,-1,12/22/2021
SC,20202021,06-0001-001,06,0001,001,BOONE CENTRAL HIGH SCHOOL,20.3684,57,12/22/2021
SC,20202021,06-0017-001,06,0017,001,ST EDWARD HIGH SCHOOL,16.7000,10,12/22/2021
SC,20202021,06-0075-001,06,0075,001,RIVERSIDE HIGH SCHOOL,18.8421,19,12/22/2021
SC,20202021,07-0006-001,07,0006,001,ALLIANCE HIGH SCHOOL,18.1058,104,12/22/2021
SC,20202021,07-0010-001,07,0010,001,HEMINGFORD HIGH SCHOOL,18.8667,15,12/22/2021
SC,20202021,08-0051-001,08,0051,001,BOYD COUNTY HIGH SCHOOL (SPENCER),15.0909,22,12/22/2021
SC,20202021,09-0010-001,09,0010,001,AINSWORTH HIGH SCHOOL,20.7632,38,12/22/2021
SC,20202021,10-0002-001,10,0002,001,GIBBON HIGH SCHOOL,18.8409,44,12/22/2021
SC,20202021,10-0007-001,10,0007,001,KEARNEY HIGH SCHOOL,19.5714,378,12/22/2021
SC,20202021,10-0009-001,10,0009,001,ELM CREEK HIGH SCHOOL,18.8824,17,12/22/2021
SC,20202021,10-0019-001,10,0019,001,SHELTON HIGH SCHOOL,21.2857,21,12/22/2021
SC,20202021,10-0069-001,10,0069,001,RAVENNA SENIOR HIGH,19.6429,28,12/22/2021
SC,20202021,10-0105-001,10,0105,001,PLEASANTON HIGH SCHOOL,18.9524,21,12/22/2021
SC,20202021,10-0119-001,10,0119,001,AMHERST HIGH SCHOOL,17.7778,27,12/22/2021
SC,20202021,10-0600-001,00,0000,000,STATE OF NEBRASKA,13.9091,11,12/22/2021
SC,20202021,11-0001-001,11,0001,001,HIGH SCHOOL AT TEKAMAH,17.4848,33,12/22/2021
SC,20202021,11-0014-001,11,0014,001,OAKLAND CRAIG JUNIOR-SENIOR HIGH,18.5000,34,12/22/2021
SC,20202021,11-0020-001,11,0020,001,NORTHEAST SECONDARY SCHOOL,21.4000,10,12/22/2021
SC,20202021,12-0056-001,12,0056,001,DAVID CITY SECONDARY SCHOOL,18.4255,47,12/22/2021
SC,20202021,12-0502-001,12,0502,001,HIGH SCHOOL AT BRAINARD,20.7333,15,12/22/2021
SC,20202021,13-0001-001,13,0001,001,PLATTSMOUTH HIGH SCHOOL,17.6695,118,12/22/2021
SC,20202021,13-0022-001,13,0022,001,WEEPING WATER HIGH SCHOOL,19.2857,21,12/22/2021
SC,20202021,13-0032-001,13,0032,001,LOUISVILLE HIGH SCHOOL,20.2391,46,12/22/2021
SC,20202021,13-0056-001,13,0056,001,CONESTOGA JR/SR HIGH SCHOOL,20.8421,38,12/22/2021
SC,20202021,13-0097-001,13,0097,001,ELMWOOD-MURDOCK JR/SR HIGH SCH,22.6296,27,12/22/2021
SC,20202021,14-0008-001,14,0008,001,HARTINGTON NEWCASTLE HIGH SCHOOL,19.0000,23,12/22/2021
SC,20202021,14-0045-001,14,0045,001,RANDOLPH HIGH SCHOOL,20.4615,13,12/22/2021
SC,20202021,14-0054-001,14,0054,001,LAUREL-CONCORD-COLERIDGE HIGH SCHOOL,19.8000,25,12/22/2021
SC,20202021,14-0101-001,14,0101,001,WYNOT HIGH SCHOOL,22.6154,13,12/22/2021
SC,20202021,15-0010-001,15,0010,001,CHASE COUNTY HIGH SCHOOL,18.5217,46,12/22/2021
SC,20202021,15-0536-001,15,0536,001,WAUNETA-PALISADE HIGH SCHOOL,16.7778,18,12/22/2021
SC,20202021,16-0006-001,16,0006,001,VALENTINE HIGH SCHOOL,18.3462,52,12/22/2021
SC,20202021,16-0030-001,16,0030,001,CODY-KILGORE HIGH SCHOOL,-1.0000,-1,12/22/2021
SC,20202021,17-0001-001,17,0001,001,SIDNEY HIGH SCHOOL,18.5556,90,12/22/2021
SC,20202021,17-0003-001,17,0003,001,LEYTON HIGH SCHOOL,20.3571,14,12/22/2021
SC,20202021,17-0009-001,17,0009,001,POTTER-DIX JR/SR HIGH SCHOOL,17.7692,13,12/22/2021
SC,20202021,18-0002-001,18,0002,001,SUTTON SECONDARY SCHOOL,21.0000,39,12/22/2021
SC,20202021,18-0011-001,18,0011,001,HARVARD HIGH SCHOOL,18.1538,13,12/22/2021
SC,20202021,19-0039-001,19,0039,001,LEIGH HIGH SCHOOL,21.9333,15,12/22/2021
SC,20202021,19-0058-001,19,0058,001,CLARKSON JR-SR HIGH SCHOOL,18.9524,21,12/22/2021
SC,20202021,19-0070-001,19,0070,001,HOWELLS SENIOR HIGH SCHOOL,21.5769,26,12/22/2021
SC,20202021,19-0123-001,19,0123,001,SCHUYLER CENTRAL HIGH SCHOOL,15.4853,136,12/22/2021
SC,20202021,20-0001-001,20,0001,001,WEST POINT-BEEMER HIGH SCHOOL,17.8630,73,12/22/2021
SC,20202021,20-0020-001,20,0020,001,BANCROFT-ROSALIE JR/SR HIGH SCHOOL,18.7059,17,12/22/2021
SC,20202021,20-0030-001,20,0030,001,WISNER-PILGER HIGH SCHOOL,18.6800,25,12/22/2021
SC,20202021,21-0015-001,21,0015,001,ANSELMO-MERNA HIGH SCHOOL,19.8077,26,12/22/2021
SC,20202021,21-0025-001,21,0025,001,BROKEN BOW HIGH SCHOOL,18.8814,59,12/22/2021
SC,20202021,21-0044-001,21,0044,001,ANSLEY HIGH SCHOOL,20.6923,13,12/22/2021
SC,20202021,21-0084-001,21,0084,001,SARGENT HIGH SCHOOL,-1.0000,-1,12/22/2021
SC,20202021,21-0089-001,21,0089,001,ARNOLD HIGH SCHOOL,-1.0000,-1,12/22/2021
SC,20202021,21-0180-001,21,0180,001,CALLAWAY HIGH SCHOOL,17.9444,18,12/22/2021
SC,20202021,22-0011-001,22,0011,001,SOUTH SIOUX HIGH SCHOOL,16.9011,283,12/22/2021
SC,20202021,22-0031-001,22,0031,001,HOMER HIGH SCHOOL,16.6000,25,12/22/2021
SC,20202021,23-0002-001,23,0002,001,CHADRON SENIOR HIGH SCHOOL,19.9383,81,12/22/2021
SC,20202021,23-0071-001,23,0071,001,CRAWFORD HIGH SCHOOL,17.9333,15,12/22/2021
SC,20202021,23-0601-001,00,0000,000,STATE OF NEBRASKA,-1.0000,-1,12/22/2021
SC,20202021,24-0001-001,24,0001,001,LEXINGTON HIGH SCHOOL,16.4848,231,12/22/2021
SC,20202021,24-0004-001,24,0004,001,OVERTON HIGH SCHOOL,19.3182,22,12/22/2021
SC,20202021,24-0011-001,24,0011,001,COZAD HIGH SCHOOL,17.5410,61,12/22/2021
SC,20202021,24-0020-001,24,0020,001,GOTHENBURG SECONDARY SCHOOL,19.3065,62,12/22/2021
SC,20202021,24-0101-001,24,0101,001,JUNIOR-SENIOR HIGH AT SUMNER,18.3125,16,12/22/2021
SC,20202021,25-0025-001,25,0025,001,CREEK VALLEY HIGH SCHOOL,19.7647,17,12/22/2021
SC,20202021,25-0095-001,25,0095,001,SOUTH PLATTE HIGH SCHOOL,19.5833,12,12/22/2021
SC,20202021,26-0001-001,26,0001,001,PONCA HIGH SCHOOL,20.7632,38,12/22/2021
SC,20202021,26-0070-001,26,0070,001,ALLEN HIGH SCHOOL,18.0667,15,12/22/2021
SC,20202021,26-0561-001,26,0561,001,EMERSON-HUBBARD HIGH SCHOOL,17.0833,12,12/22/2021
SC,20202021,27-0001-001,27,0001,001,FREMONT SENIOR HIGH SCHOOL,18.1643,347,12/22/2021
SC,20202021,27-0062-001,27,0062,001,SCRIBNER-SNYDER SECONDARY SCH,17.8667,15,12/22/2021
SC,20202021,27-0594-001,27,0594,001,LOGAN VIEW JR/SR HIGH SCHOOL,18.4524,42,12/22/2021
SC,20202021,27-0595-001,27,0595,001,NORTH BEND CENTRAL HIGH SCHOOL,19.8444,45,12/22/2021
SC,20202021,28-0001-001,28,0001,001,BENSON MAGNET HIGH SCHOOL,14.2925,253,12/22/2021
SC,20202021,28-0001-003,28,0001,003,BRYAN HIGH SCHOOL,14.5457,339,12/22/2021
SC,20202021,28-0001-005,28,0001,005,BURKE HIGH SCHOOL,17.5353,439,12/22/2021
SC,20202021,28-0001-007,28,0001,007,CENTRAL HIGH SCHOOL,17.3875,578,12/22/2021
SC,20202021,28-0001-009,28,0001,009,OMAHA NORTH MAGNET HIGH SCHOOL,16.0431,394,12/22/2021
SC,20202021,28-0001-011,28,0001,011,OMAHA NORTHWEST HIGH MAGNET SCHOOL,14.6615,322,12/22/2021
SC,20202021,28-0001-013,28,0001,013,OMAHA SOUTH MAGNET HIGH SCHOOL,14.2196,583,12/22/2021
SC,20202021,28-0010-001,28,0010,001,ELKHORN HIGH SCHOOL,21.7134,164,12/22/2021
SC,20202021,28-0010-011,28,0010,011,ELKHORN SOUTH HIGH SCHOOL,23.9377,353,12/22/2021
SC,20202021,28-0010-021,28,0010,021,ELKHORN NORTH HIGH SCHOOL,22.5684,190,12/22/2021
SC,20202021,28-0015-001,28,0015,001,DOUGLAS CO WEST HIGH SCHOOL,18.4026,77,12/22/2021
SC,20202021,28-0017-001,28,0017,001,MILLARD SOUTH HIGH SCHOOL,19.7605,622,12/22/2021
SC,20202021,28-0017-004,28,0017,004,MILLARD NORTH HIGH SCHOOL,21.5668,621,12/22/2021
SC,20202021,28-0017-030,28,0017,030,MILLARD WEST HIGH SCHOOL,21.9265,544,12/22/2021
SC,20202021,28-0054-001,28,0054,001,RALSTON HIGH SCHOOL,17.0437,206,12/22/2021
SC,20202021,28-0059-001,28,0059,001,BENNINGTON HIGH SCHOOL,21.3099,213,12/22/2021
SC,20202021,28-0066-001,28,0066,001,WESTSIDE HIGH SCHOOL,19.7773,440,12/22/2021
SC,20202021,29-0117-001,29,0117,001,DUNDY CO STRATTON HIGH SCHOOL,17.9565,23,12/22/2021
SC,20202021,30-0001-001,30,0001,001,EXETER-MILLIGAN HIGH SCHOOL,18.2500,12,12/22/2021
SC,20202021,30-0025-001,30,0025,001,FILLMORE CENTRAL HIGH SCHOOL,19.5946,37,12/22/2021
SC,20202021,30-0054-001,30,0054,001,SHICKLEY HIGH SCHOOL,21.8000,10,12/22/2021
SC,20202021,30-0600-001,00,0000,000,STATE OF NEBRASKA,-1.0000,-1,12/22/2021
SC,20202021,31-0506-001,31,0506,001,FRANKLIN SECONDARY SCHOOL,18.3571,14,12/22/2021
SC,20202021,32-0046-001,32,0046,001,MAYWOOD HIGH SCHOOL,16.6923,13,12/22/2021
SC,20202021,32-0095-001,32,0095,001,EUSTIS-FARNAM HIGH SCHOOL,-1.0000,-1,12/22/2021
SC,20202021,32-0125-001,32,0125,001,MEDICINE VALLEY JR-SR HIGH SCHOOL,17.7273,11,12/22/2021
SC,20202021,33-0018-001,33,0018,001,ARAPAHOE HIGH SCHOOL,18.3333,27,12/22/2021
SC,20202021,33-0021-001,33,0021,001,CAMBRIDGE HIGH SCHOOL,21.1481,27,12/22/2021
SC,20202021,33-0540-001,33,0540,001,SOUTHERN VALLEY JR/SR HIGH,19.5625,32,12/22/2021
SC,20202021,34-0001-001,34,0001,001,SOUTHERN JR-SR HIGH SCHOOL,18.3200,25,12/22/2021
SC,20202021,34-0015-001,34,0015,001,BEATRICE HIGH SCHOOL,18.9394,132,12/22/2021
SC,20202021,34-0034-001,34,0034,001,FREEMAN HIGH SCHOOL,22.4783,23,12/22/2021
SC,20202021,34-0100-001,34,0100,001,DILLER-ODELL SECONDARY SCHOOL,18.5556,18,12/22/2021
SC,20202021,35-0001-001,35,0001,001,GARDEN COUNTY JUNIOR/SENIOR HIGH SCHOOL,20.0625,16,12/22/2021
SC,20202021,36-0100-001,36,0100,001,BURWELL JR-SR HIGH SCHOOL,19.3182,22,12/22/2021
SC,20202021,37-0030-001,37,0030,001,ELWOOD HIGH SCHOOL,20.1538,13,12/22/2021
SC,20202021,38-0011-001,38,0011,001,HYANNIS HIGH SCHOOL,21.1875,16,12/22/2021
SC,20202021,39-0060-001,39,0060,001,CENTRAL VALLEY HIGH SCHOOL,17.3810,21,12/22/2021
SC,20202021,40-0002-001,40,0002,001,GRAND ISLAND SENIOR HIGH SCHOOL,16.0524,515,12/22/2021
SC,20202021,40-0082-001,40,0082,001,NORTHWEST HIGH SCHOOL,19.2216,167,12/22/2021
SC,20202021,40-0083-001,40,0083,001,WOOD RIVER RURAL HIGH SCHOOL,20.4054,37,12/22/2021
SC,20202021,40-0126-001,40,0126,001,DONIPHAN-TRUMBULL SECONDARY,18.5676,37,12/22/2021
SC,20202021,41-0002-001,41,0002,001,GILTNER HIGH SCHOOL,17.8571,14,12/22/2021
SC,20202021,41-0091-001,41,0091,001,HAMPTON HIGH SCHOOL,21.1333,15,12/22/2021
SC,20202021,41-0504-001,41,0504,001,AURORA HIGH SCHOOL,19.6364,88,12/22/2021
SC,20202021,42-0002-001,42,0002,001,ALMA HIGH SCHOOL,19.3913,23,12/22/2021
SC,20202021,43-0079-001,43,0079,001,HAYES CENTER SECONDARY SCHOOL,-1.0000,-1,12/22/2021
SC,20202021,44-0070-001,44,0070,001,HITCHCOCK CO JR/SR HIGH SCHOOL,19.0800,25,12/22/2021
SC,20202021,45-0007-001,45,0007,001,O'NEILL HIGH SCHOOL,18.4706,51,12/22/2021
SC,20202021,45-0044-001,45,0044,001,STUART HIGH SCHOOL,22.0833,12,12/22/2021
SC,20202021,45-0137-001,45,0137,001,CHAMBERS HIGH SCHOOL,18.3000,10,12/22/2021
SC,20202021,45-0239-001,45,0239,001,WEST HOLT HIGH SCHOOL,19.5500,20,12/22/2021
SC,20202021,46-0001-001,46,0001,001,MULLEN HIGH SCHOOL,20.2222,18,12/22/2021
SC,20202021,47-0001-005,47,0001,005,ST PAUL JR/SR HIGH SCHOOL,19.6304,46,12/22/2021
SC,20202021,47-0100-001,47,0100,001,CENTURA SECONDARY SCHOOL,20.2250,40,12/22/2021
SC,20202021,47-0103-001,47,0103,001,ELBA SECONDARY SCHOOL,-1.0000,-1,12/22/2021
SC,20202021,48-0008-001,48,0008,001,FAIRBURY JR-SR HIGH SCHOOL,18.3529,51,12/22/2021
SC,20202021,48-0300-001,48,0300,001,TRI COUNTY JR-SR HIGH SCHOOL,19.3636,33,12/22/2021
SC,20202021,48-0303-001,48,0303,001,MERIDIAN HIGH SCHOOL,20.5333,15,12/22/2021
SC,20202021,49-0033-001,49,0033,001,STERLING HIGH SCHOOL,17.0625,16,12/22/2021
SC,20202021,49-0050-001,49,0050,001,JOHNSON CO CENTRAL HIGH SCHOOL,18.1515,33,12/22/2021
SC,20202021,50-0001-001,50,0001,001,WILCOX-HILDRETH JR/SR HIGH SCHOOL,-1.0000,-1,12/22/2021
SC,20202021,50-0501-001,50,0501,001,AXTELL HIGH SCHOOL,19.5263,19,12/22/2021
SC,20202021,50-0503-001,50,0503,001,MINDEN HIGH SCHOOL,18.9403,67,12/22/2021
SC,20202021,51-0001-001,51,0001,001,OGALLALA HIGH SCHOOL,18.5882,68,12/22/2021
SC,20202021,51-0006-001,51,0006,001,PAXTON HIGH SCHOOL,18.3000,20,12/22/2021
SC,20202021,52-0100-001,52,0100,001,KEYA PAHA COUNTY HIGH SCHOOL,20.2500,12,12/22/2021
SC,20202021,53-0001-001,53,0001,001,KIMBALL JR/SR HIGH SCHOOL,15.1600,25,12/22/2021
SC,20202021,54-0013-001,54,0013,001,CREIGHTON COMMUNITY HIGH SCH,19.5357,28,12/22/2021
SC,20202021,54-0096-001,54,0096,001,CROFTON HIGH SCHOOL,20.5429,35,12/22/2021
SC,20202021,54-0501-001,54,0501,001,NIOBRARA SECONDARY SCHOOL,-1.0000,-1,12/22/2021
SC,20202021,54-0505-001,54,0505,001,SANTEE HIGH SCHOOL,15.0000,14,12/22/2021
SC,20202021,54-0576-001,54,0576,001,WAUSA HIGH SCHOOL,21.3500,20,12/22/2021
SC,20202021,54-0583-001,54,0583,001,VERDIGRE HIGH SCHOOL,-1.0000,-1,12/22/2021
SC,20202021,54-0586-001,54,0586,001,BLOOMFIELD JR-SR HIGH SCHOOL,21.4118,17,12/22/2021
SC,20202021,55-0001-001,55,0001,001,LINCOLN HIGH SCHOOL,18.0283,459,12/22/2021
SC,20202021,55-0001-003,55,0001,003,LINCOLN NORTHEAST HIGH SCHOOL,17.3324,355,12/22/2021
SC,20202021,55-0001-006,55,0001,006,LINCOLN SOUTHEAST HIGH SCHOOL,19.7637,457,12/22/2021
SC,20202021,55-0001-009,55,0001,009,LINCOLN EAST HIGH SCHOOL,20.4792,528,12/22/2021
SC,20202021,55-0001-070,55,0001,070,NORTH STAR HIGH SCHOOL,17.5964,441,12/22/2021
SC,20202021,55-0001-071,55,0001,071,SOUTHWEST HIGH SCHOOL,20.9286,490,12/22/2021
SC,20202021,55-0145-001,55,0145,001,WAVERLY HIGH SCHOOL,19.7938,160,12/22/2021
SC,20202021,55-0148-001,55,0148,001,MALCOLM JR/SR HIGH SCHOOL,20.6000,45,12/22/2021
SC,20202021,55-0160-001,55,0160,001,NORRIS HIGH SCHOOL,20.4438,169,12/22/2021
SC,20202021,55-0161-001,55,0161,001,SECONDARY SCH AT RAYMOND,18.2963,54,12/22/2021
SC,20202021,55-0605-001,00,0000,000,STATE OF NEBRASKA,21.3333,21,12/22/2021
SC,20202021,56-0001-001,56,0001,001,NORTH PLATTE HIGH SCHOOL,17.1927,275,12/22/2021
SC,20202021,56-0006-001,56,0006,001,BRADY HIGH SCHOOL,17.3333,12,12/22/2021
SC,20202021,56-0007-001,56,0007,001,MAXWELL HIGH SCHOOL,17.8261,23,12/22/2021
SC,20202021,56-0037-001,56,0037,001,HERSHEY HIGH SCHOOL,18.7273,33,12/22/2021
SC,20202021,56-0055-001,56,0055,001,SUTHERLAND HIGH SCHOOL,19.4359,39,12/22/2021
SC,20202021,56-0565-001,56,0565,001,WALLACE HIGH SCHOOL,17.8750,16,12/22/2021
SC,20202021,57-0501-001,57,0501,001,STAPLETON HIGH SCHOOL,20.0000,12,12/22/2021
SC,20202021,58-0025-001,58,0025,001,LOUP COUNTY HIGH SCHOOL,-1.0000,-1,12/22/2021
SC,20202021,59-0001-001,59,0001,001,MADISON HIGH SCHOOL,16.8571,35,12/22/2021
SC,20202021,59-0002-001,59,0002,001,NORFOLK SENIOR HIGH SCHOOL,18.0833,288,12/22/2021
SC,20202021,59-0005-001,59,0005,001,BATTLE CREEK HIGH SCHOOL,20.3617,47,12/22/2021
SC,20202021,59-0013-001,59,0013,001,NEWMAN GROVE HIGH SCHOOL,-1.0000,-1,12/22/2021
SC,20202021,59-0080-001,59,0080,001,ELKHORN VALLEY HIGH SCHOOL,18.8919,37,12/22/2021
SC,20202021,60-0090-001,60,0090,001,MC PHERSON COUNTY SECONDARY SCHOOL,-1.0000,-1,12/22/2021
SC,20202021,61-0004-001,61,0004,001,CENTRAL CITY HIGH SCHOOL,18.8776,49,12/22/2021
SC,20202021,61-0049-001,61,0049,001,PALMER JUNIOR-SENIOR HIGH,16.1111,18,12/22/2021
SC,20202021,62-0021-001,62,0021,001,BAYARD SECONDARY SCHOOL,17.2000,25,12/22/2021
SC,20202021,62-0063-001,62,0063,001,BRIDGEPORT HIGH SCHOOL,20.4815,27,12/22/2021
SC,20202021,63-0001-001,63,0001,001,FULLERTON HIGH SCHOOL,18.5789,19,12/22/2021
SC,20202021,63-0030-001,63,0030,001,TWIN RIVER SR HIGH SCHOOL,18.6774,31,12/22/2021
SC,20202021,64-0023-001,64,0023,001,HIGH SCHOOL AT JOHNSON,21.5000,20,12/22/2021
SC,20202021,64-0029-001,64,0029,001,AUBURN HIGH SCHOOL,18.8727,55,12/22/2021
SC,20202021,65-0011-001,65,0011,001,SUPERIOR SR HIGH SCHOOL,17.7586,29,12/22/2021
SC,20202021,65-2005-001,65,2005,001,SANDY CREEK HIGH SCHOOL,18.1333,30,12/22/2021
SC,20202021,65-2005-006,65,2005,006,LAWRENCE/NELSON HIGH SCH,20.0769,13,12/22/2021
SC,20202021,66-0027-001,66,0027,001,HIGH SCHOOL AT SYRACUSE,20.2619,42,12/22/2021
SC,20202021,66-0111-001,66,0111,001,NEBRASKA CITY HIGH SCHOOL,16.7813,96,12/22/2021
SC,20202021,66-0501-001,66,0501,001,JR-SR HIGH SCHOOL AT PALMYRA,18.5000,28,12/22/2021
SC,20202021,67-0001-001,67,0001,001,PAWNEE CITY SECONDARY SCHOOL,17.7083,24,12/22/2021
SC,20202021,67-0069-001,67,0069,001,LEWISTON HIGH SCHOOL,13.5000,12,12/22/2021
SC,20202021,68-0020-001,68,0020,001,PERKINS COUNTY JUNIOR- SENIOR HIGH SCHOOL,19.0286,35,12/22/2021
SC,20202021,69-0044-001,69,0044,001,HOLDREGE HIGH SCHOOL,19.8841,69,12/22/2021
SC,20202021,69-0054-001,69,0054,001,BERTRAND HIGH SCHOOL,18.6667,21,12/22/2021
SC,20202021,69-0055-001,69,0055,001,LOOMIS SECONDARY SCHOOL,20.3333,15,12/22/2021
SC,20202021,70-0002-001,70,0002,001,PIERCE JR/SR HIGH SCHOOL,21.3214,56,12/22/2021
SC,20202021,70-0005-001,70,0005,001,PLAINVIEW SECONDARY SCHOOL,19.9545,22,12/22/2021
SC,20202021,70-0542-001,70,0542,001,OSMOND HIGH SCHOOL,21.5556,18,12/22/2021
SC,20202021,71-0001-001,71,0001,001,COLUMBUS HIGH SCHOOL,17.8436,307,12/22/2021
SC,20202021,71-0005-001,71,0005,001,LAKEVIEW HIGH SCHOOL,19.4557,79,12/22/2021
SC,20202021,71-0067-001,71,0067,001,HUMPHREY JR-SR HIGH SCHOOL,20.5238,21,12/22/2021
SC,20202021,72-0015-004,72,0015,004,CROSS COUNTY HIGH SCHOOL,20.1667,30,12/22/2021
SC,20202021,72-0019-001,72,0019,001,OSCEOLA HIGH SCHOOL,20.9286,14,12/22/2021
SC,20202021,72-0032-001,72,0032,001,SHELBY - RISING CITY  HIGH SCHOOL,20.6957,23,12/22/2021
SC,20202021,72-0075-001,72,0075,001,HIGH PLAINS COMMUNITY JR/SR HIGH SCHOOL,18.4444,18,12/22/2021
SC,20202021,73-0017-001,73,0017,001,MC COOK SENIOR HIGH SCHOOL,20.9052,116,12/22/2021
SC,20202021,73-0179-007,73,0179,007,SOUTHWEST JR/SR HIGH SCHOOL,20.0909,11,12/22/2021
SC,20202021,74-0056-001,74,0056,001,FALLS CITY SENIOR HIGH,19.0816,49,12/22/2021
SC,20202021,74-0070-001,74,0070,001,HTRS HIGH SCHOOL,18.6923,26,12/22/2021
SC,20202021,75-0100-001,75,0100,001,ROCK COUNTY HIGH SCHOOL,18.1667,24,12/22/2021
SC,20202021,76-0002-001,76,0002,001,CRETE HIGH SCHOOL,16.5857,140,12/22/2021
SC,20202021,76-0044-001,76,0044,001,DORCHESTER HIGH SCHOOL,18.5000,10,12/22/2021
SC,20202021,76-0068-001,76,0068,001,FRIEND HIGH SCHOOLS,-1.0000,-1,12/22/2021
SC,20202021,76-0082-001,76,0082,001,WILBER-CLATONIA HIGH SCHOOL,18.9737,38,12/22/2021
SC,20202021,77-0001-001,77,0001,001,BELLEVUE EAST SR HIGH SCHOOL,18.6066,333,12/22/2021
SC,20202021,77-0001-004,77,0001,004,BELLEVUE WEST SR HIGH SCHOOL,19.8536,362,12/22/2021
SC,20202021,77-0027-001,77,0027,001,PAPILLION LA VISTA SENIOR HIGH,19.8443,424,12/22/2021
SC,20202021,77-0027-018,77,0027,018,PAPILLION LA VISTA SOUTH HS,20.1239,476,12/22/2021
SC,20202021,77-0037-001,77,0037,001,GRETNA HIGH SCHOOL,20.8351,382,12/22/2021
SC,20202021,77-0046-001,77,0046,001,PLATTEVIEW SENIOR HIGH SCHOOL,19.4388,98,12/22/2021
SC,20202021,78-0001-001,78,0001,001,ASHLAND-GREENWOOD HIGH SCHOOL,20.7162,74,12/22/2021
SC,20202021,78-0009-001,78,0009,001,YUTAN HIGH SCHOOL,21.6923,39,12/22/2021
SC,20202021,78-0039-001,78,0039,001,WAHOO HIGH SCHOOL,20.3111,90,12/22/2021
SC,20202021,78-0072-001,78,0072,001,MEAD HIGH SCHOOL,21.5000,24,12/22/2021
SC,20202021,78-0107-001,78,0107,001,CEDAR BLUFFS SECONDARY SCHOOL,17.6667,24,12/22/2021
SC,20202021,79-0002-001,79,0002,001,MINATARE HIGH SCHOOL,17.0000,16,12/22/2021
SC,20202021,79-0011-001,79,0011,001,MORRILL HIGH SCHOOL,16.9500,20,12/22/2021
SC,20202021,79-0016-001,79,0016,001,GERING HIGH SCHOOL,17.3197,122,12/22/2021
SC,20202021,79-0031-001,79,0031,001,MITCHELL SECONDARY SCHOOL,18.6383,47,12/22/2021
SC,20202021,79-0032-001,79,0032,001,SCOTTSBLUFF SENIOR HIGH SCHOOL,17.8874,231,12/22/2021
SC,20202021,80-0005-001,80,0005,001,MILFORD HIGH SCHOOL,20.5507,69,12/22/2021
SC,20202021,80-0009-001,80,0009,001,SEWARD HIGH SCHOOL,20.6500,140,12/22/2021
SC,20202021,80-0567-001,80,0567,001,CENTENNIAL JR-SR HIGH SCHOOL,20.4444,27,12/22/2021
SC,20202021,81-0003-001,81,0003,001,HAY SPRINGS HIGH SCHOOL,18.2727,11,12/22/2021
SC,20202021,81-0010-001,81,0010,001,GORDON-RUSHVILLE HIGH SCHOOL,18.4706,34,12/22/2021
SC,20202021,82-0001-001,82,0001,001,LOUP CITY HIGH SCHOOL,18.4643,28,12/22/2021
SC,20202021,82-0015-001,82,0015,001,LITCHFIELD HIGH SCHOOL,-1.0000,-1,12/22/2021
SC,20202021,83-0500-001,83,0500,001,SIOUX COUNTY HIGH SCHOOL,16.8333,12,12/22/2021
SC,20202021,84-0003-001,84,0003,001,STANTON HIGH SCHOOL,17.6774,31,12/22/2021
SC,20202021,85-0060-001,85,0060,001,DESHLER HIGH SCHOOL,20.8947,19,12/22/2021
SC,20202021,85-0070-001,85,0070,001,THAYER CENTRAL HIGH SCHOOL,19.1250,24,12/22/2021
SC,20202021,85-2001-001,85,2001,001,BRUNING-DAVENPORT HIGH SCHOOL,-1.0000,-1,12/22/2021
SC,20202021,86-0001-001,86,0001,001,THEDFORD HIGH SCHOOL,-1.0000,-1,12/22/2021
SC,20202021,87-0001-001,87,0001,001,PENDER HIGH SCHOOL,20.1053,19,12/22/2021
SC,20202021,87-0013-001,87,0013,001,WALTHILL HIGH SCHOOL,-1.0000,-1,12/22/2021
SC,20202021,87-0016-001,87,0016,001,UMO N HO N NATION HIGH SCHOOL,13.1429,28,12/22/2021
SC,20202021,87-0017-001,87,0017,001,WINNEBAGO HIGH SCHOOL,14.0488,41,12/22/2021
SC,20202021,88-0005-001,88,0005,001,ORD JR-SR HIGH SCHOOL,18.6842,38,12/22/2021
SC,20202021,88-0021-001,88,0021,001,ARCADIA HIGH SCHOOL,19.2000,10,12/22/2021
SC,20202021,89-0001-001,89,0001,001,BLAIR HIGH SCHOOL,19.3143,175,12/22/2021
SC,20202021,89-0003-001,89,0003,001,FORT CALHOUN JR-SR HIGH SCHOOL,19.3585,53,12/22/2021
SC,20202021,89-0024-001,89,0024,001,ARLINGTON HIGH SCHOOL,21.7000,60,12/22/2021
SC,20202021,90-0017-001,90,0017,001,WAYNE HIGH SCHOOL,20.0845,71,12/22/2021
SC,20202021,90-0560-001,90,0560,001,WAKEFIELD HIGH SCHOOL,17.1333,30,12/22/2021
SC,20202021,90-0595-001,90,0595,001,WINSIDE HIGH SCHOOL,19.2500,16,12/22/2021
SC,20202021,91-0002-001,91,0002,001,RED CLOUD HIGH SCHOOL,17.9375,16,12/22/2021
SC,20202021,91-0074-001,91,0074,001,BLUE HILL HIGH SCHOOL,20.6190,21,12/22/2021
SC,20202021,92-0045-001,92,0045,001,WHEELER CENTRAL HIGH,-1.0000,-1,12/22/2021
SC,20202021,93-0012-001,93,0012,001,YORK HIGH SCHOOL,19.2264,106,12/22/2021
SC,20202021,93-0083-001,93,0083,001,MCCOOL JUNCTION JR-SR HIGH SCH,19.0000,24,12/22/2021
SC,20202021,93-0096-001,93,0096,001,HEARTLAND COMMUNITY HIGH SCH,20.2083,24,12/22/2021
